"#","Qty","Value","Reference","PartNumber","LCSC","Description","DNP","Footprint","Datasheet"
"1","4","Conn_01x01_Socket","J1,J2,J7,J8","54","C2685232","Connector, 18650 battery, single row, 01x01","","YV:BatteryClip_Keystone_54_D16-19mm",""
"2","2","10k","R2,R6","0402WGF1002TCE","C25744","Resistor, 10kΩ, 50V, 62.5mW, Thick Film, ±1%, ±100ppm/℃, 0402, -55℃~+155℃","","Resistor_SMD:R_0402_1005Metric",""
"3","13","100k","R1,R3,R5,R7,R9,R10,R13,R19,R21,R25,R27,R28,R30","0402WGF1003TCE","C25741","Res, 100kΩ, 50V, 62.5mW, Thick Film, ±1%, ±100ppm/℃, 0402,  -55℃~+155℃","","Resistor_SMD:R_0402_1005Metric",""
"4","4","100k","R20,R22,R23,R26","0402WGF1003TCE","C25741","Res, 100kΩ, 50V, 62.5mW, Thick Film, ±1%, ±100ppm/℃, 0402,  -55℃~+155℃","DNP","Resistor_SMD:R_0402_1005Metric",""
"5","1","1.54M","R15","0402WGF1544TCE","C407713","Res, 1.54MΩ, 50V, 62.5mW, Thick Film, ±1%, ±100ppm/℃, 0402, -55℃~+155℃","","Resistor_SMD:R_0402_1005Metric",""
"6","2","732k","R8,R16","0402WGF7323TCE","C27016","Res, 732kΩ, 50V, 62.5mW, Thick Film, ±1%, ±100ppm/℃, 0402, -55℃~+155℃","","Resistor_SMD:R_0402_1005Metric",""
"7","2","22uF","C2,C30","35SVPK22M","C454605","Cap Polymer Aluminum, 22uF, 35V, 820mA@100kHz, ±20% SMD,  1000hrs@125℃ , D5xL5.9mm, -55℃~+125℃","","Capacitor_SMD:CP_Elec_5x5.9",""
"8","2","SW-000001","SW2,SW3","B3F-3105","C397284","Button, Push, 100,000 cycles, 2.6N, 24V, 50mA, 6mm x 6mm, Right Angle, Round Button, SPST-NO, DIP, Tactile Switches, -25℃~+70℃","","Button_Switch_THT:SW_SPST_Omron_B3F-315x_Angled",""
"9","9","BSDFN2C031U","D1,D2,D3,D4,D5,D6,D8,D12,D13","BSDFN2C031U","C600818","TVS, 0.65pF, 3.3V, 500nA, 50W@8/20us, 6.2V, 7A@8/20us, Bidirectional","","PCM_JLCPCB:D_DFN1006-2L","https://xonstorage.z8.web.core.windows.net/pdf/bourne_bsdfn2c031u_xonjuly20_12_link.pdf"
"10","3","BSMD1812-300-16V","F1,F2,F3","BSMD1812-300-16V","C883162","Fuse Resettable, 3A I Hold, 6A I Trip, 10 mOhms, -40℃~+85℃","","Fuse:Fuse_1812_4532Metric_Pad1.30x3.40mm_HandSolder","https://xonstorage.z8.web.core.windows.net/pdf/bhfuse_bsmd181230016v_apr22_xonlink.pdf"
"11","1","10pF","C16","CC0402FRNPO9BN100","C513681","Cap C0G, 10pF, 50V, ±1%, 0402","","Capacitor_SMD:C_0402_1005Metric",""
"12","9","4.7uF","C3,C18,C19,C20,C21,C24,C25,C26,C27","CGA0402X5R475M250GT","C6119795","Cap, 4.7uF, X5R, 25V, ±20%, 0402","","Capacitor_SMD:C_0402_1005Metric",""
"13","3","22uF","C8,C9,C10","CGA0805X7R226M100MT","C23692981","Cap X7R, 22uF, ±20%, 10V, 0805","","Capacitor_SMD:C_0805_2012Metric",""
"14","9","10uF","C1,C6,C7,C11,C12,C13,C14,C28,C29","CL05A106MQ5NUNC","C15525","Cap X5R, 10uF, 6.3V, ±20%, 0402","","Capacitor_SMD:C_0402_1005Metric",""
"15","1","CN3158","U5","CN3158","C559032","IC, LiFePO4 Battery Charger for Solar-Powered System, 1A, SOIC-8-1EP","","YV:SOIC-8-1EP_3.9x4.9mm_P1.27mm_EP2.41x3.3mm_ThermalVias-0p3mm","http://www.consonance-elec.com/en/static/upload/file/20220425/1650867483177475.pdf"
"16","3","10uH","L2,L7,L8","CR5020-100M","C520336","Inductor, 10uH, Heat 1.5A, Sat 1.8A, 125mΩ, ±20%, SMD, 5x5mm","","Inductor_SMD:L_Chilisin_BWVS00505030","https://search.murata.co.jp/Ceramy/image/img/P02/JELF243A-0086.pdf"
"17","1","DMP3015LSS-13","Q1","DMP3015LSS-13","C508208","MOSFET, P-MOS, -3.6A Id, -30V Vds, Ronon 0.09R, Micro8","","Package_SO:SOIC-8_3.9x4.9mm_P1.27mm",""
"18","3","Diode-DK24","D7,D10,D11","DSK24","C22466352","Diode Schottky, 2A, 40V, 500uA@40V, 50A, 550mV@2A, Standalone SOD-123FL, -55℃~+125℃","","Diode_SMD:D_SOD-123F",""
"19","1","1.18k","R14","ERA-2AEB1181X","C2088001","Res, 1.18kΩ, 50V, 63mW, Thin Film Resistor, ±0.1%, ±25ppm/℃, 0402, -55℃~+155℃","","Resistor_SMD:R_0402_1005Metric",""
"20","1","ESP32-S31-WROOM-3-N16R16V","U3","ESP32-S31-WROOM-3-N16R16V","C55371223","IC, SOC,  ESP32-S31, 54 GPIOs, 16MB Flash, 16MB PSRAM, PCB antenna, -40 to 85C","","YV:ESP32-S31-WROOM-3","https://documentation.espressif.com/esp32-s31-wroom-3_datasheet_en.html#pin_layout"
"21","1","150k","R12","FRC0402F1503TS","C2909320","Res, 150kΩ, 50V, 62.5mW, Thick Film, ±1%, ±100ppm/℃, 0402, -55℃~+155℃","","Resistor_SMD:R_0402_1005Metric",""
"22","1","91k","R4","FRC0402F9102TS","C2909393","Res, 91kΩ, 50V, 62.5mW, Thick Film, ±1%, ±100ppm/℃, 0402, -55℃~+155℃","","Resistor_SMD:R_0402_1005Metric",""
"23","1","10Ω","R18","FRC0402F10R0TS","C2906862","Res, 10Ω, 50V, 62.5mW, Thick Film, ±1%, ±100ppm/℃, 0402, -55℃~+155℃","","Resistor_SMD:R_0402_1005Metric",""
"24","2","47Ω","R31,R32","FRC0402F47R0TS","C2909362","Res, 47Ω, 50V, 62.5mW, Thick Film, ±1%, ±100ppm/℃, 0402, -55℃~+155℃","","Resistor_SMD:R_0402_1005Metric",""
"25","1","Green, 3.2V","D15","GL0603UG01","C51933293","LED Emerald Green 120° 20mA 3.2V 358mcd 510nm~531nm Top-mount Water Clear 0603 -40℃~+85℃","","LED_SMD:LED_0603_1608Metric",""
"26","1","Blue 2.9V","D14","GL0603UB01","C51933294","LED Blue 120° 2.9V 20mA 460nm~469nm 72mcd Top-mount Water Clear 0603 -40℃~+85℃","","LED_SMD:LED_0603_1608Metric",""
"27","2","1nF","C33,C34","GRM1555C1H102GA01D","C2167623","Cap,1nF, COG, 50V, ±2%, 0402","","Capacitor_SMD:C_0402_1005Metric",""
"28","3","4.7nF","C4,C5,C17","GRM1555C1H472JE01D","C1518204","Cap C0G, 4.7nF, 50V, ±5% 0402","","Capacitor_SMD:C_0402_1005Metric",""
"29","2","470nF","C31,C32","GRM155R71C474KE01D","C471404","Cap X7R, 470nF, 16V, ±10%, 0402","","Capacitor_SMD:C_0402_1005Metric",""
"30","1","HC-FPC-0.5-50P-FHH20","J10","HC-FPC-0.5-50P-FHH20","C19273943","Connector Zif, pitch 0.5mm, height 2mm, 50 Pos, Double-Sided Contacts, Top and Bottom Entry Flip-Top Gold Surface Mount, Right Angle, Surface Mount , -25℃~+85℃","","YV:HC-FPC-0.5-50P-FHH20",""
"31","1","SW_Push_DPDT","SW1","JS202011AQN","C221662","Switch,  300mA, 5000 cycles, 6V, DPDT,  Slide Switches, -40℃~+85℃","","Button_Switch_THT:SW_CK_JS202011AQN_DPDT_Angled",""
"32","1","KH-FG0.5-H2.0-6PIN","J9","KH-FG0.5-H2.0-6PIN","C709363","Connector, Zif, 6 Pins, 0.5mm Pitch, Bottom Contact, -25℃~+85℃","","YV:ER-CON06HT-1",""
"33","1","LT1963AEST-3.3#TRPBF","U4","LT1963AEST-3.3#TRPBF","C459918","1.5V, 1.5A, Low Noise, Fast Transient Response LDO Regulator, SOT-223","","Package_TO_SOT_SMD:SOT-223-3_TabPin2","https://www.analog.com/media/en/technical-documentation/data-sheets/1963aff.pdf"
"34","1","MT3608","U7","MT3608","C84817","IC, Step Up Converter, 1.2MHz 2A , 2-24V Vin, 28V Vout, 4A current limit, 1.2MHz, SOT23-6","","Package_TO_SOT_SMD:SOT-23-6","https://www.olimex.com/Products/Breadboarding/BB-PWR-3608/resources/MT3608.pdf"
"35","1","MAX17055ETB+T","U8","MAX17055ETB+T","C2976422","IC, LiFePO4 Battery Monitoring, 1x cell, 2.3V to 4.9V, 3.3V, 7uA, I2C, TDFN-10-EP, -40℃~+85℃","","YV:TDFN-10-EP-2x2p5-0p4mm","https://www.analog.com/media/en/technical-documentation/data-sheets/MAX17055.pdf"
"36","1","MSD-4-A","J4","MSD-4-A","C22367949","Connector, Micro SD Card Socket with one card detection pin","","YV:MSD4A","https://datasheet.lcsc.com/lcsc/2110151630_XKB-Connectivity-XKTF-015-N_C381082.pdf"
"37","4","2.9Ohms @ 1Mhz","L1,L3,L5,L6","NFZ5BBW2R9LN10L","C711211","Ferrite, 14mΩ,  2.9Ω@1MHz, 4A, ±30%, 2020","","Inductor_SMD:L_Chilisin_BWVS00505030",""
"38","1","Diode-PDS760","D9","PDS760","C3018534","Diode Schottky ,60V, 10A, 0.48Vf,  TO-277B","","Package_TO_SOT_SMD:TO-277B","https://lcsc.com/datasheet/lcsc_datasheet_2411271925_FUXINSEMI-PDS760_C3018534.pdf"
"39","1","Conn_01x08_F_Header","J3","PM254-1-08-Z-8.5","C2897371","Connector, Female Header, 8POS, 2.54mm, SINGLE ROW, TH","","Connector_PinSocket_2.54mm:PinSocket_1x08_P2.54mm_Vertical",""
"40","1","PM254-1-17-Z-8.5","J5","PM254-1-17-Z-8.5","C2897380","Connector, Female Header, 17POS, 2.54mm, SINGLE ROW, TH","","Connector_PinSocket_2.54mm:PinSocket_1x17_P2.54mm_Vertical",""
"41","1","10mΩ","R24","RLM12FTCMR010","C188070","Res, 10mΩ, 1W, ±1%, ±50ppm/℃, 1206, -55℃~+170℃","","Resistor_SMD:R_1206_3216Metric",""
"42","1","31.6k","R17","RT0402BRD0731K6L","C852720","Res, 31.6kΩ, 50V, 62.5mW, Thin Film, Resistor ±0.1%, ±25ppm/℃, 0402, -55℃~+155℃","","Resistor_SMD:R_0402_1005Metric",""
"43","1","357Ω","R11","RT0402BRD07357RL","C852736","Res, 357Ω,  100mW, Thin Film, ±0.1%, ±25ppm/℃, 0402, -55℃~+155℃","","Resistor_SMD:R_0402_1005Metric",""
"44","2","5.1k","R29,R33","SC0402J5101F2ANRH","C5356293","Res, 5.1kΩ, 50V, 62.5mW, Thick Film, ±100ppm/℃, ±5%, 0402, -55℃~+155℃","","Resistor_SMD:R_0402_1005Metric",""
"45","2","220nF","C15,C23","TCC0402X7R224K250AT","C915854","Cap X7R, 220nF, 25V, ±10%, 0402","","Capacitor_SMD:C_0402_1005Metric",""
"46","1","IC-TPS61022","U2","TPS61022RWUR","C915088","IC, Boost Converter, 8A, 0.5-5.5 V input, 2.2-5.5V output,  VQFN-7","","Package_DFN_QFN:Texas_RWU0007A_VQFN-7_2x2mm_P0.5mm","https://www.ti.com/lit/ds/symlink/tps61022.pdf"
"47","1","TPS61170DRVR","U1","TPS61170DRVR","C15163","IC, Buck-Boost, Flyback, 3V-18V to 3V-38V, 1 Output, 960mA","","Package_SON:WSON-6-1EP_2x2mm_P0.65mm_EP1x1.6mm","https://www.ti.com/lit/gpn/tps61170"
"48","1","TPS63700","U6","TPS63700DRDR","C54792","IC, Buck-Boost, Negative Adjustable, -15V to -2V 1 Output, 360mA, 10-VFDFN, -40C to 85C","","Package_SON:Texas_S-PWSON-N10_ThermalVias","https://www.ti.com/lit/gpn/tps63700"
"49","1","USB_C_Receptacle-16p","J6","USB4105-GF-A-060","C3025063","Connector, USB Type-C Female,  USB 2.0-only, 16P Type-C","","Connector_USB:USB_C_Receptacle_GCT_USB4105-xx-A_16P_TopMnt_Horizontal","https://www.usb.org/sites/default/files/documents/usb_type-c.zip"
"50","1","1uH","L4","XFL5030-102MEC","C18208905","Inductor, 1uH, 13A, 4.2mΩ, 6.2A, ±20%, SMD,5.5x5.3mm","","Inductor_SMD:L_Coilcraft_XAL5030-XXX","https://www.coilcraft.com/getmedia/f01e4ccd-6be9-43eb-bb01-c23b4deeb2c5/xfl5030.pdf"
